image,model,plate,detection_confidence,time_ms,detected,ocr_success
vehicle_0.jpg,YOLOv8 + EasyOCR,,0.9443815350532532,738.1883000000045,1,0
vehicle_1.jpg,YOLOv8 + EasyOCR,,0.9272268414497375,369.18660000000614,1,0
vehicle_10.jpg,YOLOv8 + EasyOCR,,0.9335977435112,342.2617999999886,1,0
vehicle_11.jpg,YOLOv8 + EasyOCR,,0.9420539736747742,282.6352000000014,1,0
vehicle_12.jpg,YOLOv8 + EasyOCR,,0.9524497985839844,253.74700000000416,1,0
vehicle_13.jpg,YOLOv8 + EasyOCR,,0.9419827461242676,415.34319999999525,1,0
vehicle_14.jpg,YOLOv8 + EasyOCR,,0.9127880334854126,425.3828000000084,1,0
vehicle_15.jpg,YOLOv8 + EasyOCR,,0.9308039546012878,393.74499999999557,1,0
vehicle_16.jpg,YOLOv8 + EasyOCR,,0.9409740567207336,439.5708000000127,1,0
vehicle_17.jpg,YOLOv8 + EasyOCR,,0.9344330430030823,474.2077000000222,1,0
vehicle_18.jpg,YOLOv8 + EasyOCR,,0.9441584348678589,464.74150000000236,1,0
vehicle_19.jpg,YOLOv8 + EasyOCR,,0.9440587759017944,365.9767000000045,1,0
vehicle_2.jpg,YOLOv8 + EasyOCR,,0.940054178237915,432.5751000000082,1,0
vehicle_20.jpg,YOLOv8 + EasyOCR,,0.9327421188354492,380.19549999998503,1,0
vehicle_21.jpg,YOLOv8 + EasyOCR,,0.9488426446914673,415.393899999998,1,0
vehicle_22.jpg,YOLOv8 + EasyOCR,,0.9431264400482178,462.7283000000091,1,0
vehicle_23.jpg,YOLOv8 + EasyOCR,,0.9528073072433472,412.10530000000745,1,0
vehicle_24.jpg,YOLOv8 + EasyOCR,,0.8510754108428955,270.7843999999966,1,0
vehicle_25.jpg,YOLOv8 + EasyOCR,,0.9484152793884277,429.13010000000895,1,0
vehicle_26.jpg,YOLOv8 + EasyOCR,,0.8613030910491943,217.7863000000002,1,0
vehicle_27.jpg,YOLOv8 + EasyOCR,,0.9482077360153198,348.47959999999034,1,0
vehicle_28.jpg,YOLOv8 + EasyOCR,,0.9304125308990479,259.937199999996,1,0
vehicle_29.jpg,YOLOv8 + EasyOCR,,0.9434516429901123,290.5050999999901,1,0
vehicle_3.jpg,YOLOv8 + EasyOCR,,0.9532817006111145,382.0632000000046,1,0
vehicle_30.jpg,YOLOv8 + EasyOCR,,0.9395788908004761,425.84199999998873,1,0
vehicle_31.jpg,YOLOv8 + EasyOCR,,0.9473965167999268,411.04799999999386,1,0
vehicle_32.jpg,YOLOv8 + EasyOCR,,0.9336222410202026,392.6140000000089,1,0
vehicle_33.jpg,YOLOv8 + EasyOCR,,0.9592149257659912,301.1252000000013,1,0
vehicle_34.jpg,YOLOv8 + EasyOCR,,0.944105327129364,508.80300000000034,1,0
vehicle_35.jpg,YOLOv8 + EasyOCR,,0.9457401037216187,607.8622999999936,1,0
vehicle_36.jpg,YOLOv8 + EasyOCR,,0.701900839805603,313.6847999999759,1,0
vehicle_37.jpg,YOLOv8 + EasyOCR,,0.9601653218269348,284.75700000001325,1,0
vehicle_38.jpg,YOLOv8 + EasyOCR,,0.945722758769989,419.0904999999816,1,0
vehicle_39.jpg,YOLOv8 + EasyOCR,,0.9353892207145691,282.9834000000062,1,0
vehicle_4.jpg,YOLOv8 + EasyOCR,,0.9440402984619141,411.65890000002037,1,0
vehicle_40.jpg,YOLOv8 + EasyOCR,,0.9398571848869324,366.85889999998267,1,0
vehicle_41.jpg,YOLOv8 + EasyOCR,,0.953466534614563,281.607699999995,1,0
vehicle_42.jpg,YOLOv8 + EasyOCR,,0.9408165216445923,282.70969999999807,1,0
vehicle_43.jpg,YOLOv8 + EasyOCR,,0.9493706822395325,263.50610000000074,1,0
vehicle_44.jpg,YOLOv8 + EasyOCR,,0.9426374435424805,280.7760999999971,1,0
vehicle_45.jpg,YOLOv8 + EasyOCR,,0.9421193599700928,384.77260000001934,1,0
vehicle_46.jpg,YOLOv8 + EasyOCR,,0.9480028748512268,450.05729999999744,1,0
vehicle_47.jpg,YOLOv8 + EasyOCR,,0.9522616267204285,271.3543000000129,1,0
vehicle_48.jpg,YOLOv8 + EasyOCR,T7592,0.9382739067077637,418.3889999999906,1,1
vehicle_49.jpg,YOLOv8 + EasyOCR,,0.9445343613624573,394.1327999999942,1,0
vehicle_5.jpg,YOLOv8 + EasyOCR,,0.9567957520484924,383.19400000000314,1,0
vehicle_50.jpg,YOLOv8 + EasyOCR,,0.9482617378234863,275.8583000000101,1,0
vehicle_51.jpg,YOLOv8 + EasyOCR,,0.9588760137557983,280.9469999999976,1,0
vehicle_52.jpg,YOLOv8 + EasyOCR,,0.9511725902557373,290.4670000000067,1,0
vehicle_53.jpg,YOLOv8 + EasyOCR,TIP098,0.9419217109680176,354.5091999999954,1,1
vehicle_54.jpg,YOLOv8 + EasyOCR,,0.9421166181564331,332.5499999999977,1,0
vehicle_55.jpg,YOLOv8 + EasyOCR,,0.9433028101921082,325.19229999999766,1,0
vehicle_56.jpg,YOLOv8 + EasyOCR,,0.9509081244468689,380.8743000000163,1,0
vehicle_57.jpg,YOLOv8 + EasyOCR,,0.9473613500595093,389.02120000000195,1,0
vehicle_58.jpg,YOLOv8 + EasyOCR,,0.9336042404174805,409.23369999998727,1,0
vehicle_59.jpg,YOLOv8 + EasyOCR,,0.9444144368171692,369.29040000001123,1,0
vehicle_6.jpg,YOLOv8 + EasyOCR,76444,0.9408560991287231,460.015999999996,1,1
vehicle_60.jpg,YOLOv8 + EasyOCR,,0.9433123469352722,421.1468000000025,1,0
vehicle_61.jpg,YOLOv8 + EasyOCR,,0.85860276222229,459.5310999999924,1,0
vehicle_62.jpg,YOLOv8 + EasyOCR,,0.9245786666870117,421.9823999999903,1,0
vehicle_63.jpg,YOLOv8 + EasyOCR,,0.9535164833068848,262.177400000013,1,0
vehicle_64.jpg,YOLOv8 + EasyOCR,,0.9591435194015503,266.5347999999881,1,0
vehicle_65.jpg,YOLOv8 + EasyOCR,,0.9393347501754761,377.59379999999965,1,0
vehicle_66.jpg,YOLOv8 + EasyOCR,,0.948191225528717,343.93259999998804,1,0
vehicle_67.jpg,YOLOv8 + EasyOCR,,0.9424413442611694,357.48119999999517,1,0
vehicle_68.jpg,YOLOv8 + EasyOCR,,0.9398161172866821,393.35080000000744,1,0
vehicle_69.jpg,YOLOv8 + EasyOCR,,0.9502159357070923,489.7459999999967,1,0
vehicle_7.jpg,YOLOv8 + EasyOCR,,0.941748857498169,367.61109999997643,1,0
vehicle_70.jpg,YOLOv8 + EasyOCR,,0.9439100623130798,422.2289999999873,1,0
vehicle_71.jpg,YOLOv8 + EasyOCR,,0.9491355419158936,255.03649999998856,1,0
vehicle_72.jpg,YOLOv8 + EasyOCR,,0.9440791606903076,422.73070000001667,1,0
vehicle_73.jpg,YOLOv8 + EasyOCR,,0.961118757724762,423.2810000000029,1,0
vehicle_74.jpg,YOLOv8 + EasyOCR,,0.9471308588981628,363.8362000000086,1,0
vehicle_75.jpg,YOLOv8 + EasyOCR,,0.9418046474456787,265.2217000000121,1,0
vehicle_8.jpg,YOLOv8 + EasyOCR,,0.600374698638916,393.0757999999912,1,0
vehicle_9.jpg,YOLOv8 + EasyOCR,,0.9259212613105774,353.49739999998064,1,0
vehicle_0.jpg,YOLO11 + EasyOCR,,0.9096022248268127,677.9805999999837,1,0
vehicle_1.jpg,YOLO11 + EasyOCR,,0.9222321510314941,430.7828000000029,1,0
vehicle_10.jpg,YOLO11 + EasyOCR,,0.9296662211418152,421.4070000000163,1,0
vehicle_11.jpg,YOLO11 + EasyOCR,,0.9263969659805298,299.4164000000126,1,0
vehicle_12.jpg,YOLO11 + EasyOCR,,0.9331141114234924,273.5064999999963,1,0
vehicle_13.jpg,YOLO11 + EasyOCR,,0.9226895570755005,465.0804999999991,1,0
vehicle_14.jpg,YOLO11 + EasyOCR,,0.910388171672821,491.67309999998565,1,0
vehicle_15.jpg,YOLO11 + EasyOCR,,0.8970012068748474,437.5354000000016,1,0
vehicle_16.jpg,YOLO11 + EasyOCR,,0.9248809218406677,415.98170000000323,1,0
vehicle_17.jpg,YOLO11 + EasyOCR,,0.9164499044418335,459.44369999998,1,0
vehicle_18.jpg,YOLO11 + EasyOCR,,0.9253120422363281,464.85210000000166,1,0
vehicle_19.jpg,YOLO11 + EasyOCR,,0.9277696013450623,378.93039999997313,1,0
vehicle_2.jpg,YOLO11 + EasyOCR,,0.925083577632904,401.7283999999961,1,0
vehicle_20.jpg,YOLO11 + EasyOCR,,0.9063692688941956,313.58859999997435,1,0
vehicle_21.jpg,YOLO11 + EasyOCR,,0.9248312711715698,403.0612999999903,1,0
vehicle_22.jpg,YOLO11 + EasyOCR,,0.9278483390808105,453.4027999999921,1,0
vehicle_23.jpg,YOLO11 + EasyOCR,,0.9298543930053711,443.22800000000484,1,0
vehicle_24.jpg,YOLO11 + EasyOCR,,0.8600443601608276,326.2077999999917,1,0
vehicle_25.jpg,YOLO11 + EasyOCR,,0.9328641295433044,441.0871000000043,1,0
vehicle_26.jpg,YOLO11 + EasyOCR,,0.8191143870353699,270.69160000002057,1,0
vehicle_27.jpg,YOLO11 + EasyOCR,,0.9330692291259766,371.1311000000137,1,0
vehicle_28.jpg,YOLO11 + EasyOCR,,0.9055721163749695,295.6734999999924,1,0
vehicle_29.jpg,YOLO11 + EasyOCR,,0.9351862072944641,311.11419999999157,1,0
vehicle_3.jpg,YOLO11 + EasyOCR,,0.9302738904953003,407.6332000000207,1,0
vehicle_30.jpg,YOLO11 + EasyOCR,,0.928574800491333,472.36129999998866,1,0
vehicle_31.jpg,YOLO11 + EasyOCR,,0.9265488982200623,396.23840000001564,1,0
vehicle_32.jpg,YOLO11 + EasyOCR,,0.9161680936813354,387.0548000000156,1,0
vehicle_33.jpg,YOLO11 + EasyOCR,,0.9253495335578918,276.92829999998025,1,0
vehicle_34.jpg,YOLO11 + EasyOCR,,0.9277754426002502,330.751499999991,1,0
vehicle_35.jpg,YOLO11 + EasyOCR,,0.9208266139030457,370.88209999998867,1,0
vehicle_36.jpg,YOLO11 + EasyOCR,,0.8743239045143127,273.4446000000048,1,0
vehicle_37.jpg,YOLO11 + EasyOCR,,0.8736300468444824,322.4899000000221,1,0
vehicle_38.jpg,YOLO11 + EasyOCR,,0.9300872683525085,419.1029000000128,1,0
vehicle_39.jpg,YOLO11 + EasyOCR,,0.7864636778831482,305.2829000000088,1,0
vehicle_4.jpg,YOLO11 + EasyOCR,,0.9108294248580933,419.255000000021,1,0
vehicle_40.jpg,YOLO11 + EasyOCR,,0.9260792136192322,357.0831000000112,1,0
vehicle_41.jpg,YOLO11 + EasyOCR,,0.9269673824310303,331.1821000000066,1,0
vehicle_42.jpg,YOLO11 + EasyOCR,,0.92303067445755,295.9613999999817,1,0
vehicle_43.jpg,YOLO11 + EasyOCR,,0.9209296107292175,271.50129999998285,1,0
vehicle_44.jpg,YOLO11 + EasyOCR,,0.9247265458106995,291.3807999999847,1,0
vehicle_45.jpg,YOLO11 + EasyOCR,D0722,0.9390403628349304,393.8481000000138,1,1
vehicle_46.jpg,YOLO11 + EasyOCR,,0.9311422109603882,438.17609999999263,1,0
vehicle_47.jpg,YOLO11 + EasyOCR,,0.9210668206214905,320.19579999999337,1,0
vehicle_48.jpg,YOLO11 + EasyOCR,T27592,0.921707272529602,398.07559999999853,1,1
vehicle_49.jpg,YOLO11 + EasyOCR,,0.9316931366920471,452.1190000000104,1,0
vehicle_5.jpg,YOLO11 + EasyOCR,,0.9374951124191284,443.60220000001505,1,0
vehicle_50.jpg,YOLO11 + EasyOCR,,0.9382063150405884,332.00430000002257,1,0
vehicle_51.jpg,YOLO11 + EasyOCR,,0.920242965221405,302.75380000000496,1,0
vehicle_52.jpg,YOLO11 + EasyOCR,,0.924180805683136,303.44109999998636,1,0
vehicle_53.jpg,YOLO11 + EasyOCR,TRIP09,0.9188597798347473,340.0792999999851,1,1
vehicle_54.jpg,YOLO11 + EasyOCR,,0.9153729677200317,358.4068000000116,1,0
vehicle_55.jpg,YOLO11 + EasyOCR,,0.9260851740837097,337.62150000001157,1,0
vehicle_56.jpg,YOLO11 + EasyOCR,,0.9271882772445679,394.3735000000004,1,0
vehicle_57.jpg,YOLO11 + EasyOCR,,0.9196420907974243,371.2840999999969,1,0
vehicle_58.jpg,YOLO11 + EasyOCR,74001,0.925198495388031,408.55430000002,1,1
vehicle_59.jpg,YOLO11 + EasyOCR,,0.926405668258667,408.82460000000265,1,0
vehicle_6.jpg,YOLO11 + EasyOCR,,0.9264199733734131,406.58840000000396,1,0
vehicle_60.jpg,YOLO11 + EasyOCR,136627,0.9240853190422058,396.54159999997773,1,1
vehicle_61.jpg,YOLO11 + EasyOCR,,0.8587679862976074,422.8456000000165,1,0
vehicle_62.jpg,YOLO11 + EasyOCR,,0.9106979370117188,408.9025000000106,1,0
vehicle_63.jpg,YOLO11 + EasyOCR,,0.9288882613182068,320.4217999999912,1,0
vehicle_64.jpg,YOLO11 + EasyOCR,,0.9161891937255859,284.25920000000815,1,0
vehicle_65.jpg,YOLO11 + EasyOCR,,0.9215212464332581,394.29089999998723,1,0
vehicle_66.jpg,YOLO11 + EasyOCR,,0.9342705607414246,357.4684000000161,1,0
vehicle_67.jpg,YOLO11 + EasyOCR,,0.9306561350822449,366.74739999997996,1,0
vehicle_68.jpg,YOLO11 + EasyOCR,,0.927788257598877,415.0825000000111,1,0
vehicle_69.jpg,YOLO11 + EasyOCR,,0.9302593469619751,474.1768000000093,1,0
vehicle_7.jpg,YOLO11 + EasyOCR,,0.917107880115509,424.6494999999868,1,0
vehicle_70.jpg,YOLO11 + EasyOCR,,0.9384926557540894,456.5537000000006,1,0
vehicle_71.jpg,YOLO11 + EasyOCR,,0.9229811429977417,305.1882999999975,1,0
vehicle_72.jpg,YOLO11 + EasyOCR,,0.9323599934577942,423.80549999998607,1,0
vehicle_73.jpg,YOLO11 + EasyOCR,JWETU,0.930482029914856,359.74249999998165,1,1
vehicle_74.jpg,YOLO11 + EasyOCR,,0.9288625717163086,305.4324000000008,1,0
vehicle_75.jpg,YOLO11 + EasyOCR,,0.9226253032684326,325.8730999999955,1,0
vehicle_8.jpg,YOLO11 + EasyOCR,,0,373.82429999999545,0,0
vehicle_9.jpg,YOLO11 + EasyOCR,,0.8625103831291199,359.0947000000142,1,0
